[ {
  "format_version" : "1.0",
  "generated_by" : "cytoscape-3.2.0",
  "target_cytoscapejs_version" : "~2.1",
  "title" : "Minimal",
  "style" : [ {
    "selector" : "node",
    "css" : {
      "font-family" : "SansSerif.plain",
      "font-weight" : "normal",
      "border-color" : "rgb(0,0,0)",
      "border-width" : 0.0,
      "width" : 50.0,
      "shape" : "roundrectangle",
      "border-opacity" : 1.0,
      "font-size" : 8,
      "color" : "rgb(51,51,51)",
      "background-opacity" : 1.0,
      "text-valign" : "center",
      "text-halign" : "center",
      "height" : 50.0,
      "text-opacity" : 1.0,
      "background-color" : "rgb(255,255,255)",
      "content" : "data(name)"
    }
  }, {
    "selector" : "node:selected",
    "css" : {
      "background-color" : "rgb(255,255,0)"
    }
  }, {
    "selector" : "edge",
    "css" : {
      "content" : "",
      "text-opacity" : 1.0,
      "font-size" : 10,
      "width" : 2.0,
      "source-arrow-shape" : "none",
      "target-arrow-color" : "rgb(0,0,0)",
      "source-arrow-color" : "rgb(0,0,0)",
      "font-family" : "SansSerif.plain",
      "font-weight" : "normal",
      "opacity" : 1.0,
      "line-color" : "rgb(153,153,153)",
      "line-style" : "solid",
      "target-arrow-shape" : "none",
      "color" : "rgb(0,0,0)"
    }
  }, {
    "selector" : "edge:selected",
    "css" : {
      "line-color" : "rgb(255,0,0)"
    }
  } ]
}, {
  "format_version" : "1.0",
  "generated_by" : "cytoscape-3.2.0",
  "target_cytoscapejs_version" : "~2.1",
  "title" : "NetworkAnalyzer Style: mrmXQoutput.tsv_3",
  "style" : [ {
    "selector" : "node",
    "css" : {
      "font-family" : "SansSerif.plain",
      "font-weight" : "normal",
      "border-color" : "rgb(0,0,0)",
      "border-width" : 0.0,
      "width" : 30.0,
      "shape" : "ellipse",
      "border-opacity" : 1.0,
      "font-size" : 12,
      "color" : "rgb(130,130,130)",
      "background-opacity" : 0.7843137254901961,
      "text-valign" : "center",
      "text-halign" : "center",
      "height" : 30.0,
      "text-opacity" : 1.0,
      "background-color" : "rgb(255,255,255)",
      "content" : "data(name)"
    }
  }, {
    "selector" : "node[Degree > 385]",
    "css" : {
      "width" : 100.0
    }
  }, {
    "selector" : "node[Degree = 385]",
    "css" : {
      "width" : 100.0
    }
  }, {
    "selector" : "node[Degree > 68.06153846][Degree < 385]",
    "css" : {
      "width" : "mapData(Degree,68.06153846,385,50.0,100.0)"
    }
  }, {
    "selector" : "node[Degree > 1][Degree < 68.06153846]",
    "css" : {
      "width" : "mapData(Degree,1,68.06153846,10.0,50.0)"
    }
  }, {
    "selector" : "node[Degree = 1]",
    "css" : {
      "width" : 10.0
    }
  }, {
    "selector" : "node[Degree < 1]",
    "css" : {
      "width" : 10.0
    }
  }, {
    "selector" : "node[Degree > 385]",
    "css" : {
      "height" : 100.0
    }
  }, {
    "selector" : "node[Degree = 385]",
    "css" : {
      "height" : 100.0
    }
  }, {
    "selector" : "node[Degree > 68.06153846][Degree < 385]",
    "css" : {
      "height" : "mapData(Degree,68.06153846,385,50.0,100.0)"
    }
  }, {
    "selector" : "node[Degree > 1][Degree < 68.06153846]",
    "css" : {
      "height" : "mapData(Degree,1,68.06153846,10.0,50.0)"
    }
  }, {
    "selector" : "node[Degree = 1]",
    "css" : {
      "height" : 10.0
    }
  }, {
    "selector" : "node[Degree < 1]",
    "css" : {
      "height" : 10.0
    }
  }, {
    "selector" : "node:selected",
    "css" : {
      "background-color" : "rgb(255,255,0)"
    }
  }, {
    "selector" : "edge",
    "css" : {
      "content" : "",
      "text-opacity" : 1.0,
      "font-size" : 10,
      "width" : 3.0,
      "source-arrow-shape" : "none",
      "target-arrow-color" : "rgb(0,0,0)",
      "source-arrow-color" : "rgb(0,0,0)",
      "font-family" : "SansSerif.plain",
      "font-weight" : "normal",
      "opacity" : 0.39215686274509803,
      "line-color" : "rgb(64,64,64)",
      "line-style" : "solid",
      "target-arrow-shape" : "none",
      "color" : "rgb(0,0,0)"
    }
  }, {
    "selector" : "edge[EdgeBetweenness > 1,859.25271909]",
    "css" : {
      "width" : 8.0
    }
  }, {
    "selector" : "edge[EdgeBetweenness = 1,859.25271909]",
    "css" : {
      "width" : 8.0
    }
  }, {
    "selector" : "edge[EdgeBetweenness > 57.39224747][EdgeBetweenness < 1,859.25271909]",
    "css" : {
      "width" : "mapData(EdgeBetweenness,57.39224747,1,859.25271909,4.0,8.0)"
    }
  }, {
    "selector" : "edge[EdgeBetweenness > 11.71489093][EdgeBetweenness < 57.39224747]",
    "css" : {
      "width" : "mapData(EdgeBetweenness,11.71489093,57.39224747,1.0,4.0)"
    }
  }, {
    "selector" : "edge[EdgeBetweenness = 11.71489093]",
    "css" : {
      "width" : 1.0
    }
  }, {
    "selector" : "edge[EdgeBetweenness < 11.71489093]",
    "css" : {
      "width" : 1.0
    }
  }, {
    "selector" : "edge:selected",
    "css" : {
      "line-color" : "rgb(255,0,0)"
    }
  } ]
}, {
  "format_version" : "1.0",
  "generated_by" : "cytoscape-3.2.0",
  "target_cytoscapejs_version" : "~2.1",
  "title" : "BioPAX_SIF",
  "style" : [ {
    "selector" : "node",
    "css" : {
      "font-family" : "SansSerif.plain",
      "font-weight" : "normal",
      "border-color" : "rgb(0,0,0)",
      "border-width" : 2.0,
      "width" : 60.0,
      "shape" : "ellipse",
      "border-opacity" : 1.0,
      "font-size" : 12,
      "color" : "rgb(0,0,0)",
      "background-opacity" : 0.49019607843137253,
      "text-valign" : "center",
      "text-halign" : "center",
      "height" : 40.0,
      "text-opacity" : 1.0,
      "background-color" : "rgb(255,153,153)",
      "content" : "data(name)"
    }
  }, {
    "selector" : "node[BIOPAX_TYPE = 'GenericRnaRegionReference']",
    "css" : {
      "shape" : "roundrectangle"
    }
  }, {
    "selector" : "node[BIOPAX_TYPE = 'GenericRnaReference']",
    "css" : {
      "shape" : "roundrectangle"
    }
  }, {
    "selector" : "node[BIOPAX_TYPE = 'ComplexGroup']",
    "css" : {
      "shape" : "hexagon"
    }
  }, {
    "selector" : "node[BIOPAX_TYPE = 'GenericEntityReference']",
    "css" : {
      "shape" : "octagon"
    }
  }, {
    "selector" : "node[BIOPAX_TYPE = 'GenericSmallMoleculeReference']",
    "css" : {
      "shape" : "octagon"
    }
  }, {
    "selector" : "node[BIOPAX_TYPE = 'GenericDnaReference']",
    "css" : {
      "shape" : "roundrectangle"
    }
  }, {
    "selector" : "node[BIOPAX_TYPE = 'Generic']",
    "css" : {
      "shape" : "octagon"
    }
  }, {
    "selector" : "node[BIOPAX_TYPE = 'GenericProteinReference']",
    "css" : {
      "shape" : "octagon"
    }
  }, {
    "selector" : "node[BIOPAX_TYPE = 'Complex']",
    "css" : {
      "shape" : "hexagon"
    }
  }, {
    "selector" : "node[BIOPAX_TYPE = 'GenericDnaRegionReference']",
    "css" : {
      "shape" : "roundrectangle"
    }
  }, {
    "selector" : "node[BIOPAX_TYPE = 'GenericRnaRegionReference']",
    "css" : {
      "background-color" : "rgb(51,204,204)"
    }
  }, {
    "selector" : "node[BIOPAX_TYPE = 'GenericRnaReference']",
    "css" : {
      "background-color" : "rgb(51,204,204)"
    }
  }, {
    "selector" : "node[BIOPAX_TYPE = 'ComplexGroup']",
    "css" : {
      "background-color" : "rgb(153,204,255)"
    }
  }, {
    "selector" : "node[BIOPAX_TYPE = 'GenericEntityReference']",
    "css" : {
      "background-color" : "rgb(204,204,255)"
    }
  }, {
    "selector" : "node[BIOPAX_TYPE = 'GenericSmallMoleculeReference']",
    "css" : {
      "background-color" : "rgb(204,204,255)"
    }
  }, {
    "selector" : "node[BIOPAX_TYPE = 'GenericDnaReference']",
    "css" : {
      "background-color" : "rgb(51,204,204)"
    }
  }, {
    "selector" : "node[BIOPAX_TYPE = 'Generic']",
    "css" : {
      "background-color" : "rgb(204,204,255)"
    }
  }, {
    "selector" : "node[BIOPAX_TYPE = 'GenericProteinReference']",
    "css" : {
      "background-color" : "rgb(255,51,0)"
    }
  }, {
    "selector" : "node[BIOPAX_TYPE = 'Complex']",
    "css" : {
      "background-color" : "rgb(153,204,255)"
    }
  }, {
    "selector" : "node[BIOPAX_TYPE = 'GenericDnaRegionReference']",
    "css" : {
      "background-color" : "rgb(51,204,204)"
    }
  }, {
    "selector" : "node:selected",
    "css" : {
      "background-color" : "rgb(255,255,0)"
    }
  }, {
    "selector" : "edge",
    "css" : {
      "content" : "",
      "text-opacity" : 1.0,
      "font-size" : 10,
      "width" : 4.0,
      "source-arrow-shape" : "none",
      "target-arrow-color" : "rgb(0,0,0)",
      "source-arrow-color" : "rgb(0,0,0)",
      "font-family" : "SansSerif.plain",
      "font-weight" : "normal",
      "opacity" : 1.0,
      "line-color" : "rgb(0,0,0)",
      "line-style" : "solid",
      "target-arrow-shape" : "none",
      "color" : "rgb(0,0,0)"
    }
  }, {
    "selector" : "edge[interaction = 'IN_SAME_COMPONENT']",
    "css" : {
      "line-color" : "rgb(255,255,0)"
    }
  }, {
    "selector" : "edge[interaction = 'STATE_CHANGE']",
    "css" : {
      "line-color" : "rgb(0,112,192)"
    }
  }, {
    "selector" : "edge[interaction = 'REACTS_WITH']",
    "css" : {
      "line-color" : "rgb(204,193,218)"
    }
  }, {
    "selector" : "edge[interaction = 'CO_CONTROL']",
    "css" : {
      "line-color" : "rgb(255,0,0)"
    }
  }, {
    "selector" : "edge[interaction = 'METABOLIC_CATALYSIS']",
    "css" : {
      "line-color" : "rgb(0,176,240)"
    }
  }, {
    "selector" : "edge[interaction = 'COMPONENT_OF']",
    "css" : {
      "line-color" : "rgb(255,192,0)"
    }
  }, {
    "selector" : "edge[interaction = 'GENERIC_OF']",
    "css" : {
      "line-color" : "rgb(0,0,0)"
    }
  }, {
    "selector" : "edge[interaction = 'INTERACTS_WITH']",
    "css" : {
      "line-color" : "rgb(112,48,160)"
    }
  }, {
    "selector" : "edge[interaction = 'SEQUENTIAL_CATALYSIS']",
    "css" : {
      "line-color" : "rgb(127,127,127)"
    }
  }, {
    "selector" : "edge[interaction = 'STATE_CHANGE']",
    "css" : {
      "target-arrow-shape" : "triangle"
    }
  }, {
    "selector" : "edge[interaction = 'METABOLIC_CATALYSIS']",
    "css" : {
      "target-arrow-shape" : "triangle"
    }
  }, {
    "selector" : "edge[interaction = 'COMPONENT_OF']",
    "css" : {
      "target-arrow-shape" : "triangle"
    }
  }, {
    "selector" : "edge[interaction = 'SEQUENTIAL_CATALYSIS']",
    "css" : {
      "target-arrow-shape" : "triangle"
    }
  }, {
    "selector" : "edge:selected",
    "css" : {
      "line-color" : "rgb(255,0,0)"
    }
  } ]
}, {
  "format_version" : "1.0",
  "generated_by" : "cytoscape-3.2.0",
  "target_cytoscapejs_version" : "~2.1",
  "title" : "NetworkAnalyzer Style: mrmXQoutput.tsv",
  "style" : [ {
    "selector" : "node",
    "css" : {
      "font-family" : "SansSerif.plain",
      "font-weight" : "normal",
      "border-color" : "rgb(0,0,0)",
      "border-width" : 0.0,
      "width" : 30.0,
      "shape" : "ellipse",
      "border-opacity" : 1.0,
      "font-size" : 12,
      "color" : "rgb(130,130,130)",
      "background-opacity" : 0.7843137254901961,
      "text-valign" : "center",
      "text-halign" : "center",
      "height" : 30.0,
      "text-opacity" : 1.0,
      "background-color" : "rgb(255,255,255)",
      "content" : "data(name)"
    }
  }, {
    "selector" : "node[Degree > 385]",
    "css" : {
      "width" : 100.0
    }
  }, {
    "selector" : "node[Degree = 385]",
    "css" : {
      "width" : 100.0
    }
  }, {
    "selector" : "node[Degree > 68.06153846][Degree < 385]",
    "css" : {
      "width" : "mapData(Degree,68.06153846,385,50.0,100.0)"
    }
  }, {
    "selector" : "node[Degree > 1][Degree < 68.06153846]",
    "css" : {
      "width" : "mapData(Degree,1,68.06153846,10.0,50.0)"
    }
  }, {
    "selector" : "node[Degree = 1]",
    "css" : {
      "width" : 10.0
    }
  }, {
    "selector" : "node[Degree < 1]",
    "css" : {
      "width" : 10.0
    }
  }, {
    "selector" : "node[Degree > 385]",
    "css" : {
      "height" : 100.0
    }
  }, {
    "selector" : "node[Degree = 385]",
    "css" : {
      "height" : 100.0
    }
  }, {
    "selector" : "node[Degree > 68.06153846][Degree < 385]",
    "css" : {
      "height" : "mapData(Degree,68.06153846,385,50.0,100.0)"
    }
  }, {
    "selector" : "node[Degree > 1][Degree < 68.06153846]",
    "css" : {
      "height" : "mapData(Degree,1,68.06153846,10.0,50.0)"
    }
  }, {
    "selector" : "node[Degree = 1]",
    "css" : {
      "height" : 10.0
    }
  }, {
    "selector" : "node[Degree < 1]",
    "css" : {
      "height" : 10.0
    }
  }, {
    "selector" : "node:selected",
    "css" : {
      "background-color" : "rgb(255,255,0)"
    }
  }, {
    "selector" : "edge",
    "css" : {
      "content" : "",
      "text-opacity" : 1.0,
      "font-size" : 10,
      "width" : 3.0,
      "source-arrow-shape" : "none",
      "target-arrow-color" : "rgb(0,0,0)",
      "source-arrow-color" : "rgb(0,0,0)",
      "font-family" : "SansSerif.plain",
      "font-weight" : "normal",
      "opacity" : 0.39215686274509803,
      "line-color" : "rgb(64,64,64)",
      "line-style" : "solid",
      "target-arrow-shape" : "none",
      "color" : "rgb(0,0,0)"
    }
  }, {
    "selector" : "edge[EdgeBetweenness > 1,859.25271909]",
    "css" : {
      "width" : 8.0
    }
  }, {
    "selector" : "edge[EdgeBetweenness = 1,859.25271909]",
    "css" : {
      "width" : 8.0
    }
  }, {
    "selector" : "edge[EdgeBetweenness > 57.39224747][EdgeBetweenness < 1,859.25271909]",
    "css" : {
      "width" : "mapData(EdgeBetweenness,57.39224747,1,859.25271909,4.0,8.0)"
    }
  }, {
    "selector" : "edge[EdgeBetweenness > 11.71489093][EdgeBetweenness < 57.39224747]",
    "css" : {
      "width" : "mapData(EdgeBetweenness,11.71489093,57.39224747,1.0,4.0)"
    }
  }, {
    "selector" : "edge[EdgeBetweenness = 11.71489093]",
    "css" : {
      "width" : 1.0
    }
  }, {
    "selector" : "edge[EdgeBetweenness < 11.71489093]",
    "css" : {
      "width" : 1.0
    }
  }, {
    "selector" : "edge:selected",
    "css" : {
      "line-color" : "rgb(255,0,0)"
    }
  } ]
}, {
  "format_version" : "1.0",
  "generated_by" : "cytoscape-3.2.0",
  "target_cytoscapejs_version" : "~2.1",
  "title" : "Solid",
  "style" : [ {
    "selector" : "node",
    "css" : {
      "font-family" : "Dialog.plain",
      "font-weight" : "normal",
      "border-color" : "rgb(0,0,0)",
      "border-width" : 0.0,
      "width" : 40.0,
      "shape" : "ellipse",
      "border-opacity" : 1.0,
      "font-size" : 14,
      "color" : "rgb(0,0,0)",
      "background-opacity" : 1.0,
      "text-valign" : "center",
      "text-halign" : "center",
      "height" : 40.0,
      "text-opacity" : 1.0,
      "background-color" : "rgb(153,153,153)",
      "content" : "data(name)"
    }
  }, {
    "selector" : "node:selected",
    "css" : {
      "background-color" : "rgb(255,255,0)"
    }
  }, {
    "selector" : "edge",
    "css" : {
      "text-opacity" : 1.0,
      "font-size" : 10,
      "width" : 12.0,
      "source-arrow-shape" : "none",
      "target-arrow-color" : "rgb(0,0,0)",
      "source-arrow-color" : "rgb(0,0,0)",
      "font-family" : "Dialog.plain",
      "font-weight" : "normal",
      "opacity" : 1.0,
      "line-color" : "rgb(204,204,204)",
      "line-style" : "solid",
      "target-arrow-shape" : "none",
      "color" : "rgb(0,0,0)",
      "content" : "data(interaction)"
    }
  }, {
    "selector" : "edge:selected",
    "css" : {
      "line-color" : "rgb(255,0,0)"
    }
  } ]
}, {
  "format_version" : "1.0",
  "generated_by" : "cytoscape-3.2.0",
  "target_cytoscapejs_version" : "~2.1",
  "title" : "Nested Network Style",
  "style" : [ {
    "selector" : "node",
    "css" : {
      "font-family" : "SansSerif.plain",
      "font-weight" : "normal",
      "border-color" : "rgb(0,0,0)",
      "border-width" : 2.0,
      "width" : 60.0,
      "shape" : "ellipse",
      "border-opacity" : 1.0,
      "font-size" : 12,
      "color" : "rgb(0,0,0)",
      "background-opacity" : 1.0,
      "text-valign" : "center",
      "text-halign" : "center",
      "height" : 40.0,
      "text-opacity" : 1.0,
      "background-color" : "rgb(200,0,0)",
      "content" : "data(shared_name)"
    }
  }, {
    "selector" : "node[has_nested_network = 'true']",
    "css" : {
      "shape" : "rectangle"
    }
  }, {
    "selector" : "node[has_nested_network = 'true']",
    "css" : {
      "background-color" : "rgb(255,255,255)"
    }
  }, {
    "selector" : "node[has_nested_network = 'true']",
    "css" : {
      "border-color" : "rgb(0,102,204)"
    }
  }, {
    "selector" : "node[has_nested_network = 'true']",
    "css" : {
      "text-valign" : "bottom"
    }
  }, {
    "selector" : "node[has_nested_network = 'true']",
    "css" : {
      "color" : "rgb(0,102,204)"
    }
  }, {
    "selector" : "node:selected",
    "css" : {
      "background-color" : "rgb(255,255,0)"
    }
  }, {
    "selector" : "edge",
    "css" : {
      "content" : "",
      "text-opacity" : 1.0,
      "font-size" : 10,
      "width" : 1.0,
      "source-arrow-shape" : "none",
      "target-arrow-color" : "rgb(0,0,0)",
      "source-arrow-color" : "rgb(0,0,0)",
      "font-family" : "SansSerif.plain",
      "font-weight" : "normal",
      "opacity" : 1.0,
      "line-color" : "rgb(64,64,64)",
      "line-style" : "solid",
      "target-arrow-shape" : "none",
      "color" : "rgb(0,0,0)"
    }
  }, {
    "selector" : "edge:selected",
    "css" : {
      "line-color" : "rgb(255,0,0)"
    }
  } ]
}, {
  "format_version" : "1.0",
  "generated_by" : "cytoscape-3.2.0",
  "target_cytoscapejs_version" : "~2.1",
  "title" : "Directed",
  "style" : [ {
    "selector" : "node",
    "css" : {
      "font-family" : "SansSerif.plain",
      "font-weight" : "normal",
      "border-color" : "rgb(51,51,51)",
      "border-width" : 5.0,
      "width" : 50.0,
      "shape" : "ellipse",
      "border-opacity" : 1.0,
      "font-size" : 8,
      "color" : "rgb(0,153,204)",
      "background-opacity" : 1.0,
      "text-valign" : "center",
      "text-halign" : "center",
      "height" : 50.0,
      "text-opacity" : 1.0,
      "background-color" : "rgb(255,255,255)",
      "content" : "data(name)"
    }
  }, {
    "selector" : "node:selected",
    "css" : {
      "background-color" : "rgb(255,0,102)"
    }
  }, {
    "selector" : "edge",
    "css" : {
      "text-opacity" : 1.0,
      "font-size" : 12,
      "width" : 2.0,
      "source-arrow-shape" : "none",
      "target-arrow-color" : "rgb(51,51,51)",
      "source-arrow-color" : "rgb(0,0,0)",
      "font-family" : "SansSerif.plain",
      "font-weight" : "normal",
      "opacity" : 1.0,
      "line-color" : "rgb(51,51,51)",
      "line-style" : "solid",
      "target-arrow-shape" : "triangle",
      "color" : "rgb(0,0,0)",
      "content" : "data(interaction)"
    }
  }, {
    "selector" : "edge:selected",
    "css" : {
      "line-color" : "rgb(255,0,0)"
    }
  } ]
}, {
  "format_version" : "1.0",
  "generated_by" : "cytoscape-3.2.0",
  "target_cytoscapejs_version" : "~2.1",
  "title" : "default",
  "style" : [ {
    "selector" : "node",
    "css" : {
      "font-family" : "Dialog.plain",
      "font-weight" : "normal",
      "border-color" : "rgb(0,102,153)",
      "border-width" : 4.0,
      "width" : 70.0,
      "shape" : "roundrectangle",
      "border-opacity" : 1.0,
      "font-size" : 12,
      "color" : "rgb(255,255,255)",
      "background-opacity" : 1.0,
      "text-valign" : "center",
      "text-halign" : "center",
      "height" : 30.0,
      "text-opacity" : 1.0,
      "background-color" : "rgb(0,153,204)",
      "content" : "data(name)"
    }
  }, {
    "selector" : "node:selected",
    "css" : {
      "background-color" : "rgb(255,255,0)"
    }
  }, {
    "selector" : "edge",
    "css" : {
      "content" : "",
      "text-opacity" : 1.0,
      "font-size" : 10,
      "width" : 3.0,
      "source-arrow-shape" : "none",
      "target-arrow-color" : "rgb(0,0,0)",
      "source-arrow-color" : "rgb(0,0,0)",
      "font-family" : "Dialog.plain",
      "font-weight" : "normal",
      "opacity" : 1.0,
      "line-color" : "rgb(102,102,102)",
      "line-style" : "solid",
      "target-arrow-shape" : "none",
      "color" : "rgb(0,0,0)"
    }
  }, {
    "selector" : "edge:selected",
    "css" : {
      "line-color" : "rgb(255,0,0)"
    }
  } ]
}, {
  "format_version" : "1.0",
  "generated_by" : "cytoscape-3.2.0",
  "target_cytoscapejs_version" : "~2.1",
  "title" : "Big Labels",
  "style" : [ {
    "selector" : "node",
    "css" : {
      "font-family" : "Dialog.plain",
      "font-weight" : "normal",
      "border-color" : "rgb(0,0,0)",
      "border-width" : 0.0,
      "width" : 50.0,
      "shape" : "ellipse",
      "border-opacity" : 1.0,
      "font-size" : 24,
      "color" : "rgb(51,51,51)",
      "background-opacity" : 1.0,
      "text-valign" : "center",
      "text-halign" : "center",
      "height" : 50.0,
      "text-opacity" : 1.0,
      "background-color" : "rgb(255,255,255)",
      "content" : "data(name)"
    }
  }, {
    "selector" : "node:selected",
    "css" : {
      "background-color" : "rgb(255,0,102)"
    }
  }, {
    "selector" : "edge",
    "css" : {
      "content" : "",
      "text-opacity" : 1.0,
      "font-size" : 10,
      "width" : 2.0,
      "source-arrow-shape" : "none",
      "target-arrow-color" : "rgb(0,0,0)",
      "source-arrow-color" : "rgb(0,0,0)",
      "font-family" : "SansSerif.plain",
      "font-weight" : "normal",
      "opacity" : 1.0,
      "line-color" : "rgb(102,102,102)",
      "line-style" : "solid",
      "target-arrow-shape" : "none",
      "color" : "rgb(0,0,0)"
    }
  }, {
    "selector" : "edge:selected",
    "css" : {
      "line-color" : "rgb(255,0,0)"
    }
  } ]
}, {
  "format_version" : "1.0",
  "generated_by" : "cytoscape-3.2.0",
  "target_cytoscapejs_version" : "~2.1",
  "title" : "BioPAX",
  "style" : [ {
    "selector" : "node",
    "css" : {
      "font-family" : "SansSerif.plain",
      "font-weight" : "normal",
      "border-color" : "rgb(0,102,102)",
      "border-width" : 2.0,
      "width" : 20.0,
      "shape" : "ellipse",
      "border-opacity" : 1.0,
      "font-size" : 12,
      "color" : "rgb(0,0,0)",
      "background-opacity" : 1.0,
      "text-valign" : "center",
      "text-halign" : "center",
      "height" : 20.0,
      "text-opacity" : 1.0,
      "background-color" : "rgb(255,255,255)",
      "content" : "data(name)"
    }
  }, {
    "selector" : "node[BIOPAX_TYPE = 'Interaction']",
    "css" : {
      "shape" : "rectangle"
    }
  }, {
    "selector" : "node[BIOPAX_TYPE = 'MolecularInteraction']",
    "css" : {
      "shape" : "rectangle"
    }
  }, {
    "selector" : "node[BIOPAX_TYPE = 'Degradation']",
    "css" : {
      "shape" : "rectangle"
    }
  }, {
    "selector" : "node[BIOPAX_TYPE = 'Protein-phosphorylated']",
    "css" : {
      "shape" : "ellipse"
    }
  }, {
    "selector" : "node[BIOPAX_TYPE = 'Rna']",
    "css" : {
      "shape" : "ellipse"
    }
  }, {
    "selector" : "node[BIOPAX_TYPE = 'ComplexAssembly']",
    "css" : {
      "shape" : "rectangle"
    }
  }, {
    "selector" : "node[BIOPAX_TYPE = 'TemplateReactionRegulation']",
    "css" : {
      "shape" : "triangle"
    }
  }, {
    "selector" : "node[BIOPAX_TYPE = 'PhysicalEntity']",
    "css" : {
      "shape" : "ellipse"
    }
  }, {
    "selector" : "node[BIOPAX_TYPE = 'GeneticInteraction']",
    "css" : {
      "shape" : "rectangle"
    }
  }, {
    "selector" : "node[BIOPAX_TYPE = 'Complex']",
    "css" : {
      "shape" : "diamond"
    }
  }, {
    "selector" : "node[BIOPAX_TYPE = 'Control']",
    "css" : {
      "shape" : "triangle"
    }
  }, {
    "selector" : "node[BIOPAX_TYPE = 'Dna']",
    "css" : {
      "shape" : "ellipse"
    }
  }, {
    "selector" : "node[BIOPAX_TYPE = 'TransportWithBiochemicalReaction']",
    "css" : {
      "shape" : "rectangle"
    }
  }, {
    "selector" : "node[BIOPAX_TYPE = 'TemplateReaction']",
    "css" : {
      "shape" : "rectangle"
    }
  }, {
    "selector" : "node[BIOPAX_TYPE = 'Modulation']",
    "css" : {
      "shape" : "triangle"
    }
  }, {
    "selector" : "node[BIOPAX_TYPE = 'BiochemicalReaction']",
    "css" : {
      "shape" : "rectangle"
    }
  }, {
    "selector" : "node[BIOPAX_TYPE = 'Transport']",
    "css" : {
      "shape" : "rectangle"
    }
  }, {
    "selector" : "node[BIOPAX_TYPE = 'SmallMolecule']",
    "css" : {
      "shape" : "ellipse"
    }
  }, {
    "selector" : "node[BIOPAX_TYPE = 'Conversion']",
    "css" : {
      "shape" : "rectangle"
    }
  }, {
    "selector" : "node[BIOPAX_TYPE = 'DnaRegion']",
    "css" : {
      "shape" : "ellipse"
    }
  }, {
    "selector" : "node[BIOPAX_TYPE = 'Catalysis']",
    "css" : {
      "shape" : "triangle"
    }
  }, {
    "selector" : "node[BIOPAX_TYPE = 'SimplePhysicalEntity']",
    "css" : {
      "shape" : "ellipse"
    }
  }, {
    "selector" : "node[BIOPAX_TYPE = 'RnaRegion']",
    "css" : {
      "shape" : "ellipse"
    }
  }, {
    "selector" : "node[BIOPAX_TYPE = 'Protein']",
    "css" : {
      "shape" : "ellipse"
    }
  }, {
    "selector" : "node[BIOPAX_TYPE = 'Complex']",
    "css" : {
      "background-color" : "rgb(255,255,255)"
    }
  }, {
    "selector" : "node[BIOPAX_TYPE = 'Complex']",
    "css" : {
      "border-color" : "rgb(0,102,102)"
    }
  }, {
    "selector" : "node[BIOPAX_TYPE = 'Interaction']",
    "css" : {
      "width" : 13.4
    }
  }, {
    "selector" : "node[BIOPAX_TYPE = 'MolecularInteraction']",
    "css" : {
      "width" : 13.4
    }
  }, {
    "selector" : "node[BIOPAX_TYPE = 'Degradation']",
    "css" : {
      "width" : 13.4
    }
  }, {
    "selector" : "node[BIOPAX_TYPE = 'ComplexAssembly']",
    "css" : {
      "width" : 13.4
    }
  }, {
    "selector" : "node[BIOPAX_TYPE = 'TemplateReactionRegulation']",
    "css" : {
      "width" : 13.4
    }
  }, {
    "selector" : "node[BIOPAX_TYPE = 'Complex']",
    "css" : {
      "width" : 13.4
    }
  }, {
    "selector" : "node[BIOPAX_TYPE = 'GeneticInteraction']",
    "css" : {
      "width" : 13.4
    }
  }, {
    "selector" : "node[BIOPAX_TYPE = 'Control']",
    "css" : {
      "width" : 13.4
    }
  }, {
    "selector" : "node[BIOPAX_TYPE = 'TransportWithBiochemicalReaction']",
    "css" : {
      "width" : 13.4
    }
  }, {
    "selector" : "node[BIOPAX_TYPE = 'BiochemicalReaction']",
    "css" : {
      "width" : 13.4
    }
  }, {
    "selector" : "node[BIOPAX_TYPE = 'Modulation']",
    "css" : {
      "width" : 13.4
    }
  }, {
    "selector" : "node[BIOPAX_TYPE = 'TemplateReaction']",
    "css" : {
      "width" : 13.4
    }
  }, {
    "selector" : "node[BIOPAX_TYPE = 'Transport']",
    "css" : {
      "width" : 13.4
    }
  }, {
    "selector" : "node[BIOPAX_TYPE = 'Conversion']",
    "css" : {
      "width" : 13.4
    }
  }, {
    "selector" : "node[BIOPAX_TYPE = 'Catalysis']",
    "css" : {
      "width" : 13.4
    }
  }, {
    "selector" : "node[BIOPAX_TYPE = 'Interaction']",
    "css" : {
      "height" : 13.4
    }
  }, {
    "selector" : "node[BIOPAX_TYPE = 'MolecularInteraction']",
    "css" : {
      "height" : 13.4
    }
  }, {
    "selector" : "node[BIOPAX_TYPE = 'Degradation']",
    "css" : {
      "height" : 13.4
    }
  }, {
    "selector" : "node[BIOPAX_TYPE = 'ComplexAssembly']",
    "css" : {
      "height" : 13.4
    }
  }, {
    "selector" : "node[BIOPAX_TYPE = 'TemplateReactionRegulation']",
    "css" : {
      "height" : 13.4
    }
  }, {
    "selector" : "node[BIOPAX_TYPE = 'Complex']",
    "css" : {
      "height" : 13.4
    }
  }, {
    "selector" : "node[BIOPAX_TYPE = 'GeneticInteraction']",
    "css" : {
      "height" : 13.4
    }
  }, {
    "selector" : "node[BIOPAX_TYPE = 'Control']",
    "css" : {
      "height" : 13.4
    }
  }, {
    "selector" : "node[BIOPAX_TYPE = 'TransportWithBiochemicalReaction']",
    "css" : {
      "height" : 13.4
    }
  }, {
    "selector" : "node[BIOPAX_TYPE = 'BiochemicalReaction']",
    "css" : {
      "height" : 13.4
    }
  }, {
    "selector" : "node[BIOPAX_TYPE = 'Modulation']",
    "css" : {
      "height" : 13.4
    }
  }, {
    "selector" : "node[BIOPAX_TYPE = 'TemplateReaction']",
    "css" : {
      "height" : 13.4
    }
  }, {
    "selector" : "node[BIOPAX_TYPE = 'Transport']",
    "css" : {
      "height" : 13.4
    }
  }, {
    "selector" : "node[BIOPAX_TYPE = 'Conversion']",
    "css" : {
      "height" : 13.4
    }
  }, {
    "selector" : "node[BIOPAX_TYPE = 'Catalysis']",
    "css" : {
      "height" : 13.4
    }
  }, {
    "selector" : "node:selected",
    "css" : {
      "background-color" : "rgb(255,255,0)"
    }
  }, {
    "selector" : "edge",
    "css" : {
      "content" : "",
      "text-opacity" : 1.0,
      "font-size" : 10,
      "width" : 1.0,
      "source-arrow-shape" : "none",
      "target-arrow-color" : "rgb(64,64,64)",
      "source-arrow-color" : "rgb(64,64,64)",
      "font-family" : "SansSerif.plain",
      "font-weight" : "normal",
      "opacity" : 1.0,
      "line-color" : "rgb(64,64,64)",
      "line-style" : "solid",
      "target-arrow-shape" : "none",
      "color" : "rgb(0,0,0)"
    }
  }, {
    "selector" : "edge[interaction = 'ACTIVATION_NONALLOSTERIC']",
    "css" : {
      "target-arrow-shape" : "triangle"
    }
  }, {
    "selector" : "edge[interaction = 'ACTIVATION_UNKMECH']",
    "css" : {
      "target-arrow-shape" : "triangle"
    }
  }, {
    "selector" : "edge[interaction = 'INHIBITION_UNKMECH']",
    "css" : {
      "target-arrow-shape" : "tee"
    }
  }, {
    "selector" : "edge[interaction = 'INHIBITION_OTHER']",
    "css" : {
      "target-arrow-shape" : "tee"
    }
  }, {
    "selector" : "edge[interaction = 'INHIBITION_ALLOSTERIC']",
    "css" : {
      "target-arrow-shape" : "tee"
    }
  }, {
    "selector" : "edge[interaction = 'controlled']",
    "css" : {
      "target-arrow-shape" : "triangle"
    }
  }, {
    "selector" : "edge[interaction = 'contains']",
    "css" : {
      "target-arrow-shape" : "circle"
    }
  }, {
    "selector" : "edge[interaction = 'cofactor']",
    "css" : {
      "target-arrow-shape" : "triangle"
    }
  }, {
    "selector" : "edge[interaction = 'ACTIVATION']",
    "css" : {
      "target-arrow-shape" : "triangle"
    }
  }, {
    "selector" : "edge[interaction = 'INHIBITION_IRREVERSIBLE']",
    "css" : {
      "target-arrow-shape" : "tee"
    }
  }, {
    "selector" : "edge[interaction = 'INHIBITION_COMPETITIVE']",
    "css" : {
      "target-arrow-shape" : "tee"
    }
  }, {
    "selector" : "edge[interaction = 'INHIBITION_UNCOMPETITIVE']",
    "css" : {
      "target-arrow-shape" : "tee"
    }
  }, {
    "selector" : "edge[interaction = 'ACTIVATION_ALLOSTERIC']",
    "css" : {
      "target-arrow-shape" : "triangle"
    }
  }, {
    "selector" : "edge[interaction = 'right']",
    "css" : {
      "target-arrow-shape" : "triangle"
    }
  }, {
    "selector" : "edge[interaction = 'INHIBITION']",
    "css" : {
      "target-arrow-shape" : "tee"
    }
  }, {
    "selector" : "edge[interaction = 'INHIBITION_NONCOMPETITIVE']",
    "css" : {
      "target-arrow-shape" : "tee"
    }
  }, {
    "selector" : "edge:selected",
    "css" : {
      "line-color" : "rgb(255,0,0)"
    }
  } ]
}, {
  "format_version" : "1.0",
  "generated_by" : "cytoscape-3.2.0",
  "target_cytoscapejs_version" : "~2.1",
  "title" : "default black",
  "style" : [ {
    "selector" : "node",
    "css" : {
      "font-family" : "Trebuchet MS Bold",
      "font-weight" : "normal",
      "border-color" : "rgb(0,153,0)",
      "border-width" : 0.0,
      "width" : 15.0,
      "shape" : "ellipse",
      "border-opacity" : 1.0,
      "font-size" : 14,
      "background-opacity" : 1.0,
      "text-valign" : "bottom",
      "text-halign" : "center",
      "height" : 15.0,
      "text-opacity" : 1.0,
      "background-color" : "rgb(255,255,255)",
      "color" : "data(Column_2)",
      "content" : "data(shared_name)"
    }
  }, {
    "selector" : "node[Column_2 = 'fictional_and_archetypal']",
    "css" : {
      "background-color" : "rgb(204,0,255)"
    }
  }, {
    "selector" : "node[Column_2 = 'Past_Editors']",
    "css" : {
      "background-color" : "rgb(153,153,255)"
    }
  }, {
    "selector" : "node[Column_2 = 'historical_people']",
    "css" : {
      "background-color" : "rgb(204,204,0)"
    }
  }, {
    "selector" : "node:selected",
    "css" : {
      "background-color" : "rgb(255,255,0)"
    }
  }, {
    "selector" : "edge",
    "css" : {
      "content" : "",
      "text-opacity" : 1.0,
      "font-size" : 10,
      "width" : 2.0,
      "source-arrow-shape" : "none",
      "target-arrow-color" : "rgb(0,0,0)",
      "source-arrow-color" : "rgb(0,0,0)",
      "font-family" : "Dialog.plain",
      "font-weight" : "normal",
      "opacity" : 1.0,
      "line-color" : "rgb(0,153,0)",
      "line-style" : "solid",
      "target-arrow-shape" : "none",
      "color" : "rgb(0,0,0)"
    }
  }, {
    "selector" : "edge[shared_interaction = 'Letter to Sir William Elford, 22 March 1821']",
    "css" : {
      "line-color" : "rgb(255,153,0)"
    }
  }, {
    "selector" : "edge[shared_interaction = 'Letter to B.R. Haydon, 31 October 1821).']",
    "css" : {
      "line-color" : "rgb(255,153,0)"
    }
  }, {
    "selector" : "edge[shared_interaction = 'Letter to T.N. Talfourd1821 Novemeber 09']",
    "css" : {
      "line-color" : "rgb(255,153,0)"
    }
  }, {
    "selector" : "edge[shared_interaction = 'Letter to Benjamin Robert Haydon, 18 April 1821.']",
    "css" : {
      "line-color" : "rgb(255,153,0)"
    }
  }, {
    "selector" : "edge[shared_interaction = 'Letter to B.R. Haydon, 2 May 1821.']",
    "css" : {
      "line-color" : "rgb(255,153,0)"
    }
  }, {
    "selector" : "edge[shared_interaction = 'Letter to Sir William Elford, 30 September 1820']",
    "css" : {
      "line-color" : "rgb(255,153,0)"
    }
  }, {
    "selector" : "edge[shared_interaction = 'Letter to B.R. Haydon, 02 October 1820.']",
    "css" : {
      "line-color" : "rgb(255,153,0)"
    }
  }, {
    "selector" : "edge[shared_interaction = '\"Introduction\" to Dramatic Works [1854]']",
    "css" : {
      "line-color" : "rgb(102,0,153)"
    }
  }, {
    "selector" : "edge[shared_interaction = 'Letter to T.N. Talfourd[1822 May 19]']",
    "css" : {
      "line-color" : "rgb(255,153,0)"
    }
  }, {
    "selector" : "edge[shared_interaction = 'Letter to Sir William Elford, 20 March 1820.']",
    "css" : {
      "line-color" : "rgb(255,153,0)"
    }
  }, {
    "selector" : "edge[shared_interaction = 'Letter to T.N. Talfourd, [16 November] 1821']",
    "css" : {
      "line-color" : "rgb(255,153,0)"
    }
  }, {
    "selector" : "edge[shared_interaction = 'Our Village: Sketches of Rural Character and Scenery: Preface']",
    "css" : {
      "line-color" : "rgb(102,0,153)"
    }
  }, {
    "selector" : "edge[shared_interaction = 'Letter to Sir William Elford, 04 April 1821']",
    "css" : {
      "line-color" : "rgb(255,153,0)"
    }
  }, {
    "selector" : "edge[shared_interaction = 'Letter to T.N. Talfourd, [1822 July 23]']",
    "css" : {
      "line-color" : "rgb(255,153,0)"
    }
  }, {
    "selector" : "edge[shared_interaction = 'Letter to Sir William Elford, 20 April 1821.']",
    "css" : {
      "line-color" : "rgb(255,153,0)"
    }
  }, {
    "selector" : "edge[shared_interaction = 'Charles I, a Historical Tragedy in Five Acts']",
    "css" : {
      "line-color" : "rgb(102,0,153)"
    }
  }, {
    "selector" : "edge[shared_interaction = 'Letter to T.N. Talfourd1821 November 12-13']",
    "css" : {
      "line-color" : "rgb(255,153,0)"
    }
  }, {
    "selector" : "edge[shared_interaction = 'Letter 21 June 1821']",
    "css" : {
      "line-color" : "rgb(255,153,0)"
    }
  }, {
    "selector" : "edge[shared_interaction = 'Letter to T.N. Talfourd, 28 Oct. 1821']",
    "css" : {
      "line-color" : "rgb(255,153,0)"
    }
  }, {
    "selector" : "edge[shared_interaction = 'Letter to B.R. Haydon, 9 February 1821.']",
    "css" : {
      "line-color" : "rgb(255,153,0)"
    }
  }, {
    "selector" : "edge[shared_interaction = 'Letter to T.N. Talfourd, 1821']",
    "css" : {
      "line-color" : "rgb(255,153,0)"
    }
  }, {
    "selector" : "edge[shared_interaction = 'Letter to T.N. Talfourd [October 22], 1821']",
    "css" : {
      "line-color" : "rgb(255,153,0)"
    }
  }, {
    "selector" : "edge[shared_interaction = 'Letter from Mary Russell Mitford to Thomas Noon Talfourd, 29 June 1825.']",
    "css" : {
      "line-color" : "rgb(255,153,0)"
    }
  }, {
    "selector" : "edge[shared_interaction = 'Letter to T. N. Talfourd1822 August 13']",
    "css" : {
      "line-color" : "rgb(255,153,0)"
    }
  }, {
    "selector" : "edge[shared_interaction = 'Letter to Thomas Noon Talfourd, 31 August 1822.']",
    "css" : {
      "line-color" : "rgb(255,153,0)"
    }
  }, {
    "selector" : "edge[shared_interaction = 'Mary Russell Mitford's Notebook of 1819 to 1823']",
    "css" : {
      "line-color" : "rgb(255,0,0)"
    }
  }, {
    "selector" : "edge[shared_interaction = 'Letter to Sir William Elford, 1 July 1821.']",
    "css" : {
      "line-color" : "rgb(255,153,0)"
    }
  }, {
    "selector" : "edge[shared_interaction = 'Letter to T.N. Talfourd, [6 November] 1821']",
    "css" : {
      "line-color" : "rgb(255,153,0)"
    }
  }, {
    "selector" : "edge[shared_interaction = 'Letter to Sir William Elford, 1820 September 9']",
    "css" : {
      "line-color" : "rgb(255,153,0)"
    }
  }, {
    "selector" : "edge[shared_interaction = 'Letter to T.N. Talfourd, [11 May] 1825']",
    "css" : {
      "line-color" : "rgb(255,153,0)"
    }
  }, {
    "selector" : "edge[shared_interaction = 'Letter to [B. R. Haydon], 04 November 1820.']",
    "css" : {
      "line-color" : "rgb(255,153,0)"
    }
  }, {
    "selector" : "edge[shared_interaction = 'Letter to T.N. Talfourd, 12 August 1825']",
    "css" : {
      "line-color" : "rgb(255,153,0)"
    }
  }, {
    "selector" : "edge[shared_interaction = 'Headnote to The Tragedy of Charles the First']",
    "css" : {
      "line-color" : "rgb(102,0,153)"
    }
  }, {
    "selector" : "edge[shared_interaction = 'Letter to Sir William Elford, 24 November 1821.']",
    "css" : {
      "line-color" : "rgb(255,153,0)"
    }
  }, {
    "selector" : "edge[shared_interaction = 'Letter to T.N. Talfourd, [31 July] 1821']",
    "css" : {
      "line-color" : "rgb(255,153,0)"
    }
  }, {
    "selector" : "edge[EdgeBetweenness > 1,212.72266499]",
    "css" : {
      "width" : 1.0
    }
  }, {
    "selector" : "edge[EdgeBetweenness = 1,212.72266499]",
    "css" : {
      "width" : 9.622234926385394
    }
  }, {
    "selector" : "edge[EdgeBetweenness > 2][EdgeBetweenness < 1,212.72266499]",
    "css" : {
      "width" : "mapData(EdgeBetweenness,2,1,212.72266499,0.6523549354682534,9.622234926385394)"
    }
  }, {
    "selector" : "edge[EdgeBetweenness = 2]",
    "css" : {
      "width" : 0.6523549354682534
    }
  }, {
    "selector" : "edge[EdgeBetweenness < 2]",
    "css" : {
      "width" : 1.0
    }
  }, {
    "selector" : "edge:selected",
    "css" : {
      "line-color" : "rgb(255,0,0)"
    }
  } ]
}, {
  "format_version" : "1.0",
  "generated_by" : "cytoscape-3.2.0",
  "target_cytoscapejs_version" : "~2.1",
  "title" : "Universe",
  "style" : [ {
    "selector" : "node",
    "css" : {
      "font-family" : "Monospaced.plain",
      "font-weight" : "normal",
      "border-color" : "rgb(0,0,0)",
      "border-width" : 0.0,
      "width" : 40.0,
      "shape" : "ellipse",
      "border-opacity" : 1.0,
      "font-size" : 24,
      "color" : "rgb(255,255,204)",
      "background-opacity" : 1.0,
      "text-valign" : "center",
      "text-halign" : "center",
      "height" : 40.0,
      "text-opacity" : 1.0,
      "background-color" : "rgb(0,0,0)",
      "content" : "data(name)"
    }
  }, {
    "selector" : "node:selected",
    "css" : {
      "background-color" : "rgb(255,255,0)"
    }
  }, {
    "selector" : "edge",
    "css" : {
      "content" : "",
      "text-opacity" : 1.0,
      "font-size" : 10,
      "width" : 2.0,
      "source-arrow-shape" : "none",
      "target-arrow-color" : "rgb(0,0,0)",
      "source-arrow-color" : "rgb(0,0,0)",
      "font-family" : "Dialog.plain",
      "font-weight" : "normal",
      "opacity" : 1.0,
      "line-color" : "rgb(255,255,255)",
      "line-style" : "dashed",
      "target-arrow-shape" : "none",
      "color" : "rgb(0,0,0)"
    }
  }, {
    "selector" : "edge:selected",
    "css" : {
      "line-color" : "rgb(255,0,0)"
    }
  } ]
}, {
  "format_version" : "1.0",
  "generated_by" : "cytoscape-3.2.0",
  "target_cytoscapejs_version" : "~2.1",
  "title" : "Ripple",
  "style" : [ {
    "selector" : "node",
    "css" : {
      "font-family" : "SansSerif.plain",
      "font-weight" : "normal",
      "border-color" : "rgb(204,255,255)",
      "border-width" : 30.0,
      "width" : 50.0,
      "shape" : "ellipse",
      "border-opacity" : 1.0,
      "font-size" : 8,
      "color" : "rgb(102,102,102)",
      "background-opacity" : 1.0,
      "text-valign" : "center",
      "text-halign" : "center",
      "height" : 50.0,
      "text-opacity" : 1.0,
      "background-color" : "rgb(255,255,255)",
      "content" : "data(name)"
    }
  }, {
    "selector" : "node:selected",
    "css" : {
      "background-color" : "rgb(255,255,204)"
    }
  }, {
    "selector" : "edge",
    "css" : {
      "content" : "",
      "text-opacity" : 1.0,
      "font-size" : 10,
      "width" : 3.0,
      "source-arrow-shape" : "none",
      "target-arrow-color" : "rgb(0,0,0)",
      "source-arrow-color" : "rgb(0,0,0)",
      "font-family" : "SansSerif.plain",
      "font-weight" : "normal",
      "opacity" : 1.0,
      "line-color" : "rgb(102,204,255)",
      "line-style" : "solid",
      "target-arrow-shape" : "none",
      "color" : "rgb(0,0,0)"
    }
  }, {
    "selector" : "edge:selected",
    "css" : {
      "line-color" : "rgb(255,0,0)"
    }
  } ]
}, {
  "format_version" : "1.0",
  "generated_by" : "cytoscape-3.2.0",
  "target_cytoscapejs_version" : "~2.1",
  "title" : "Sample1",
  "style" : [ {
    "selector" : "node",
    "css" : {
      "font-family" : "Dialog.plain",
      "font-weight" : "normal",
      "border-color" : "rgb(0,0,0)",
      "border-width" : 0.0,
      "width" : 40.0,
      "shape" : "ellipse",
      "border-opacity" : 1.0,
      "font-size" : 12,
      "color" : "rgb(0,0,0)",
      "background-opacity" : 1.0,
      "text-valign" : "center",
      "text-halign" : "center",
      "height" : 40.0,
      "text-opacity" : 1.0,
      "background-color" : "rgb(204,204,255)",
      "content" : "data(name)"
    }
  }, {
    "selector" : "node:selected",
    "css" : {
      "background-color" : "rgb(255,255,0)"
    }
  }, {
    "selector" : "edge",
    "css" : {
      "text-opacity" : 1.0,
      "font-size" : 10,
      "width" : 1.0,
      "source-arrow-shape" : "none",
      "target-arrow-color" : "rgb(0,0,0)",
      "source-arrow-color" : "rgb(0,0,0)",
      "font-family" : "Dialog.plain",
      "font-weight" : "normal",
      "opacity" : 1.0,
      "line-color" : "rgb(51,51,51)",
      "line-style" : "solid",
      "target-arrow-shape" : "none",
      "color" : "rgb(51,51,51)",
      "content" : "data(interaction)"
    }
  }, {
    "selector" : "edge[interaction = 'pd']",
    "css" : {
      "line-style" : "dashed"
    }
  }, {
    "selector" : "edge[interaction = 'pp']",
    "css" : {
      "line-style" : "solid"
    }
  }, {
    "selector" : "edge:selected",
    "css" : {
      "line-color" : "rgb(255,0,0)"
    }
  } ]
} ]